Name,Email,Phone,Address
Juan Dela Cruz,juan.dela.cruz692@gmail.com,09591261710,"Mabini, Digos City"
Maria Santos,maria.santos942@gmail.com,09174809003,"San Miguel, Tagum City"
Pedro Ramirez,pedro.ramirez47@gmail.com,09918025591,"Rizal, Mati City"
Ana Bautista,ana.bautista243@gmail.com,09668913686,"Rizal, Davao City"
Carlos Mendoza,carlos.mendoza698@gmail.com,09732947805,"Poblacion, Mati City"
Sarah Velasco,sarah.velasco63@gmail.com,09641870495,"San Miguel, Davao City"
Leon Torres,leon.torres284@gmail.com,09939570211,"San Miguel, Davao City"
Mia Gutierrez,mia.gutierrez752@gmail.com,09550015716,"San Miguel, Davao City"
Robert Villanueva,robert.villanueva956@gmail.com,09263245283,"San Isidro, Digos City"
Ella Navarro,ella.navarro106@gmail.com,09512862940,"San Isidro, Digos City"
Jorge Castillo,jorge.castillo47@gmail.com,09865005671,"San Isidro, Tagum City"
Lara Ponce,lara.ponce166@gmail.com,09430651595,"Mabini, Davao City"
Daniel Flores,daniel.flores612@gmail.com,09820926071,"Del Pilar, Mati City"
Nina Aguilar,nina.aguilar694@gmail.com,09232416930,"San Miguel, Digos City"
Marco Santiago,marco.santiago775@gmail.com,09273555026,"Rizal, Davao City"
Julia Dominguez,julia.dominguez904@gmail.com,09355041952,"San Miguel, Mati City"
Victor Ramos,victor.ramos476@gmail.com,09898322346,"San Miguel, Digos City"
Tina Morales,tina.morales221@gmail.com,09975373945,"San Isidro, Digos City"
Edward Salazar,edward.salazar787@gmail.com,09771053660,"Rizal, Tagum City"
Grace Fajardo,grace.fajardo723@gmail.com,09521516023,"Mabini, Davao City"
Rico Valdez,rico.valdez697@gmail.com,09950497043,"San Miguel, Davao City"
Hanna Lozano,hanna.lozano872@gmail.com,09259358996,"San Miguel, Digos City"
Samuel Rivera,samuel.rivera271@gmail.com,09766750055,"Rizal, Davao City"
Bianca de Leon,bianca.de.leon588@gmail.com,09662325654,"San Isidro, Davao City"
Josefino Marquez,josefino.marquez307@gmail.com,09785171155,"Poblacion, Tagum City"
Karen Lim,karen.lim922@gmail.com,09286099543,"Rizal, Tagum City"
Ralph Santos,ralph.santos789@gmail.com,09816523304,"San Isidro, Mati City"
Cheska Robles,cheska.robles655@gmail.com,09899414220,"Mabini, Mati City"
Adrian Uy,adrian.uy918@gmail.com,09908463645,"Del Pilar, Davao City"
Patricia Go,patricia.go976@gmail.com,09694784287,"San Miguel, Tagum City"
Enzo Delgado,enzo.delgado17@gmail.com,09371973673,"Rizal, Digos City"
Faith Serrano,faith.serrano944@gmail.com,09730884679,"San Miguel, Digos City"
Jacob Molina,jacob.molina48@gmail.com,09862867928,"San Miguel, Tagum City"
Louise Cabrera,louise.cabrera705@gmail.com,09282256863,"Mabini, Tagum City"
Gino Soriano,gino.soriano631@gmail.com,09539156200,"San Isidro, Digos City"
Kyla Fernandez,kyla.fernandez393@gmail.com,09582438955,"San Isidro, Digos City"
Omar Jimenez,omar.jimenez893@gmail.com,09951746014,"Del Pilar, Davao City"
Alexa Cruz,alexa.cruz970@gmail.com,09216375003,"San Miguel, Tagum City"
Nathan Vergara,nathan.vergara783@gmail.com,09350187484,"Del Pilar, Tagum City"
Diane Abella,diane.abella71@gmail.com,09298645497,"Poblacion, Davao City"
Rowell Pascua,rowell.pascua511@gmail.com,09685940442,"San Isidro, Digos City"
Ivy Salcedo,ivy.salcedo660@gmail.com,09989596643,"Mabini, Davao City"
Timothy Cabral,timothy.cabral58@gmail.com,09844342748,"Poblacion, Tagum City"
Megan Reyes,megan.reyes281@gmail.com,09542573530,"Mabini, Digos City"
Alfredo Chan,alfredo.chan509@gmail.com,09827304138,"Del Pilar, Davao City"
Keisha Ramos,keisha.ramos155@gmail.com,09150244532,"Poblacion, Tagum City"
Noel Tan,noel.tan14@gmail.com,09408802340,"Rizal, Tagum City"
Alyssa Robredo,alyssa.robredo547@gmail.com,09450734435,"Rizal, Tagum City"
Jasper Luna,jasper.luna307@gmail.com,09724519274,"San Isidro, Tagum City"
Kim Castillo,kim.castillo133@gmail.com,09919039812,"San Isidro, Digos City"
